-- Implement Instance Template
-- Implement NPC ID 56875
REPLACE INTO `creature_template` (`entry`, `difficulty_entry_1`, `difficulty_entry_2`, `difficulty_entry_3`, `KillCredit1`, `KillCredit2`, `modelid1`, `modelid2`, `modelid3`, `modelid4`, `name`, `subname`, `IconName`, `gossip_menu_id`, `minlevel`, `maxlevel`, `exp`, `faction_A`, `faction_H`, `npcflag`, `speed_walk`, `speed_run`, `scale`, `rank`, `mindmg`, `maxdmg`, `dmgschool`, `attackpower`, `dmg_multiplier`, `baseattacktime`, `rangeattacktime`, `unit_class`, `unit_flags`, `dynamicflags`, `family`, `trainer_type`, `trainer_spell`, `trainer_class`, `trainer_race`, `minrangedmg`, `maxrangedmg`, `rangedattackpower`, `type`, `type_flags`, `lootid`, `pickpocketloot`, `skinloot`, `resistance1`, `resistance2`, `resistance3`, `resistance4`, `resistance5`, `resistance6`, `spell1`, `spell2`, `spell3`, `spell4`, `spell5`, `spell6`, `spell7`, `spell8`, `PetSpellDataId`, `VehicleId`, `mingold`, `maxgold`, `AIName`, `MovementType`, `InhabitType`, `Health_mod`, `Mana_mod`, `Armor_mod`, `RacialLeader`, `questItem1`, `questItem2`, `questItem3`, `questItem4`, `questItem5`, `questItem6`, `movementId`, `RegenHealth`, `equipment_id`, `mechanic_immune_mask`, `flags_extra`, `ScriptName`, `WDBVerified`) VALUES (56875, 0, 0, 0, 0, 0, 43113, 0, 0, 0, 'Krik\'thik Demolisher', '', '', 0, 90, 90, 4, 16, 16, 0, 1, 0.992063, 1, 1, 9838, 14331, 0, 42296, 3, 2000, 2000, 1, 0, 0, 0, 0, 0, 0, 0, 0, 0, 0, 7, 0, 0, 0, 0, 0, 0, 0, 0, 0, 0, 0, 0, 0, 0, 0, 0, 0, 0, 0, 0, 0, 0, '', 0, 3, 3, 1, 1, 0, 0, 0, 0, 0, 0, 0, 0, 1, 0, 0, 0, '', 16769);
DELETE FROM `creature` WHERE `id`=56875;
INSERT INTO `creature` (`guid`,`id`,`map`,`spawnMask`,`phaseMask`,`modelid`,`equipment_id`,`position_x`,`position_y`,`position_z`,`orientation`,`spawntimesecs`,`spawndist`,`currentwaypoint`,`curhealth`,`curmana`,`MovementType`,`npcflag`,`unit_flags`,`dynamicflags`) VALUES
(16189335, 56875, 962, 4, 65535, 0, 0, 721.789, 2164.6, 395.084, 4.73595, 7200, 0, 0, 1181823, 0, 0, 0, 0, 0),
(16189337, 56875, 962, 4, 65535, 0, 0, 726.523, 2233.41, 381.602, 4.69668, 7200, 0, 0, 1181823, 0, 0, 0, 0, 0),
(16189339, 56875, 962, 4, 65535, 0, 0, 716.591, 2233.57, 381.601, 4.69668, 7200, 0, 0, 1181823, 0, 0, 0, 0, 0);

-- Implement NPC ID 56876
REPLACE INTO `creature_template` (`entry`, `difficulty_entry_1`, `difficulty_entry_2`, `difficulty_entry_3`, `KillCredit1`, `KillCredit2`, `modelid1`, `modelid2`, `modelid3`, `modelid4`, `name`, `subname`, `IconName`, `gossip_menu_id`, `minlevel`, `maxlevel`, `exp`, `faction_A`, `faction_H`, `npcflag`, `speed_walk`, `speed_run`, `scale`, `rank`, `mindmg`, `maxdmg`, `dmgschool`, `attackpower`, `dmg_multiplier`, `baseattacktime`, `rangeattacktime`, `unit_class`, `unit_flags`, `dynamicflags`, `family`, `trainer_type`, `trainer_spell`, `trainer_class`, `trainer_race`, `minrangedmg`, `maxrangedmg`, `rangedattackpower`, `type`, `type_flags`, `lootid`, `pickpocketloot`, `skinloot`, `resistance1`, `resistance2`, `resistance3`, `resistance4`, `resistance5`, `resistance6`, `spell1`, `spell2`, `spell3`, `spell4`, `spell5`, `spell6`, `spell7`, `spell8`, `PetSpellDataId`, `VehicleId`, `mingold`, `maxgold`, `AIName`, `MovementType`, `InhabitType`, `Health_mod`, `Mana_mod`, `Armor_mod`, `RacialLeader`, `questItem1`, `questItem2`, `questItem3`, `questItem4`, `questItem5`, `questItem6`, `movementId`, `RegenHealth`, `equipment_id`, `mechanic_immune_mask`, `flags_extra`, `ScriptName`, `WDBVerified`) VALUES (56876, 0, 0, 0, 0, 0, 43114, 0, 0, 0, 'Krik\'thik Sapper', '', '', 0, 90, 90, 4, 16, 16, 0, 1, 0.992063, 1, 1, 9838, 14331, 0, 42296, 3, 2000, 2000, 1, 0, 0, 0, 0, 0, 0, 0, 0, 0, 0, 7, 0, 56876, 0, 0, 0, 0, 0, 0, 0, 0, 0, 0, 0, 0, 0, 0, 0, 0, 0, 0, 0, 0, '', 0, 3, 3, 1, 1, 0, 0, 0, 0, 0, 0, 0, 0, 1, 0, 0, 0, '', 16769);
DELETE FROM `creature` WHERE `id`=56876;
INSERT INTO `creature` (`guid`,`id`,`map`,`spawnMask`,`phaseMask`,`modelid`,`equipment_id`,`position_x`,`position_y`,`position_z`,`orientation`,`spawntimesecs`,`spawndist`,`currentwaypoint`,`curhealth`,`curmana`,`MovementType`,`npcflag`,`unit_flags`,`dynamicflags`) VALUES
(16189345, 56876, 962, 4, 65535, 0, 0, 719.036, 2168.63, 394.221, 4.71238, 7200, 0, 0, 1181823, 0, 0, 0, 0, 0),
(16189347, 56876, 962, 4, 65535, 0, 0, 724.589, 2168.37, 394.298, 4.71238, 7200, 0, 0, 1181823, 0, 0, 0, 0, 0),
(16189351, 56876, 962, 4, 65535, 0, 0, 719.038, 2235.54, 381.592, 4.71945, 7200, 0, 0, 1181823, 0, 0, 0, 0, 0),
(16189349, 56876, 962, 4, 65535, 0, 0, 724.529, 2235.5, 381.591, 4.70767, 7200, 0, 0, 1181823, 0, 0, 0, 0, 0);

-- Implement NPC ID 56906
REPLACE INTO `creature_template` (`entry`, `difficulty_entry_1`, `difficulty_entry_2`, `difficulty_entry_3`, `KillCredit1`, `KillCredit2`, `modelid1`, `modelid2`, `modelid3`, `modelid4`, `name`, `subname`, `IconName`, `gossip_menu_id`, `minlevel`, `maxlevel`, `exp`, `faction_A`, `faction_H`, `npcflag`, `speed_walk`, `speed_run`, `scale`, `rank`, `mindmg`, `maxdmg`, `dmgschool`, `attackpower`, `dmg_multiplier`, `baseattacktime`, `rangeattacktime`, `unit_class`, `unit_flags`, `dynamicflags`, `family`, `trainer_type`, `trainer_spell`, `trainer_class`, `trainer_race`, `minrangedmg`, `maxrangedmg`, `rangedattackpower`, `type`, `type_flags`, `lootid`, `pickpocketloot`, `skinloot`, `resistance1`, `resistance2`, `resistance3`, `resistance4`, `resistance5`, `resistance6`, `spell1`, `spell2`, `spell3`, `spell4`, `spell5`, `spell6`, `spell7`, `spell8`, `PetSpellDataId`, `VehicleId`, `mingold`, `maxgold`, `AIName`, `MovementType`, `InhabitType`, `Health_mod`, `Mana_mod`, `Armor_mod`, `RacialLeader`, `questItem1`, `questItem2`, `questItem3`, `questItem4`, `questItem5`, `questItem6`, `movementId`, `RegenHealth`, `equipment_id`, `mechanic_immune_mask`, `flags_extra`, `ScriptName`, `WDBVerified`) VALUES (56906, 0, 0, 0, 0, 0, 43122, 0, 0, 0, 'Saboteur Kip\'tilak', '', '', 0, 92, 92, 4, 1771, 1771, 0, 1, 0.992063, 1, 1, 12684, 19052, 0, 55538, 3, 2000, 2000, 1, 32768, 0, 0, 0, 0, 0, 0, 0, 0, 0, 7, 2097224, 56906, 0, 0, 0, 0, 0, 0, 0, 0, 0, 0, 0, 0, 0, 0, 0, 0, 0, 0, 475640, 475640, '', 0, 3, 20, 1, 1, 0, 0, 0, 0, 0, 0, 0, 0, 1, 0, 785367039, 1, 'boss_saboteur_kiptilak', 16769);
DELETE FROM `creature` WHERE `id`=56906;
INSERT INTO `creature` (`guid`,`id`,`map`,`spawnMask`,`phaseMask`,`modelid`,`equipment_id`,`position_x`,`position_y`,`position_z`,`orientation`,`spawntimesecs`,`spawndist`,`currentwaypoint`,`curhealth`,`curmana`,`MovementType`,`npcflag`,`unit_flags`,`dynamicflags`) VALUES
(16189353, 56906, 962, 4, 65535, 0, 0, 721.785, 2304.72, 388.183, 4.70767, 604800, 0, 0, 8431840, 0, 0, 0, 0, 0);
DELETE FROM `creature_loot_template` WHERE (`entry`=56906);
INSERT INTO `creature_loot_template` VALUES 
(56906, 81090, 0, 1, 1, 1, 1),
(56906, 81095, 0, 1, 1, 1, 1),
(56906, 81104, 0, 1, 1, 1, 1),
(56906, 81190, 0, 1, 1, 1, 1),
(56906, 81191, 0, 1, 1, 1, 1);

-- Implement GO ID 209694
REPLACE INTO `gameobject_template` (`entry`, `type`, `displayId`, `name`, `IconName`, `castBarCaption`, `unk1`, `faction`, `flags`, `size`, `questItem1`, `questItem2`, `questItem3`, `questItem4`, `questItem5`, `questItem6`, `data0`, `data1`, `data2`, `data3`, `data4`, `data5`, `data6`, `data7`, `data8`, `data9`, `data10`, `data11`, `data12`, `data13`, `data14`, `data15`, `data16`, `data17`, `data18`, `data19`, `data20`, `data21`, `data22`, `data23`, `AIName`, `ScriptName`, `WDBVerified`) VALUES (209694, 33, 10882, 'Platform', '', '', '', 0, 32, 1, 0, 0, 0, 0, 0, 0, 0, 0, 72, 0, 0, 0, 0, 0, 0, 0, 0, 0, 0, 0, 0, 0, 0, 0, 146, 0, 0, 0, 0, 0, '', '', 15595);
DELETE FROM `gameobject` WHERE `id`=209694;
INSERT INTO `gameobject` (`guid`,`id`,`map`,`spawnMask`,`phaseMask`,`position_x`,`position_y`,`position_z`,`orientation`,`rotation0`,`rotation1`,`rotation2`,`rotation3`,`spawntimesecs`,`animprogress`,`state`) VALUES
(4034992, 209694, 962, 4, 65535, 851.145, 2362.58, 389.155, 3.16043, 2.0459E-43, 0, 0.999956, -0.00941911, 7200, 255, 1),
(191373, 209694, 938, 3, 1, 4376.02, 1481.99, 127.282, 4.76475, 0, 0, -0.688354, 0.725375, 7200, 255, 1),
(4034996, 209694, 962, 4, 65535, 837.616, 2361.26, 389.03, 6.2274, 2.0459E-43, 0, 0.0278901, -0.999611, 7200, 255, 1),
(4034994, 209694, 962, 4, 65535, 827.305, 2372.34, 387.676, 1.4404, 2.0459E-43, 0, 0.659534, 0.751675, 7200, 255, 1),
(4034990, 209694, 962, 4, 65535, 830.296, 2349.72, 388.278, 1.57785, 2.0459E-43, 0, 0.709597, 0.704608, 7200, 255, 1),
(4034998, 209694, 962, 4, 65535, 1069.07, 2366.74, 388.882, 0.00911164, 2.0459E-43, 0, 0.00455581, 0.99999, 7200, 255, 1),
(4035000, 209694, 962, 4, 65535, 1086.94, 2350.95, 388.819, 1.59583, 2.0459E-43, 0, 0.715902, 0.698201, 7200, 255, 1),
(4035002, 209694, 962, 4, 65535, 1091.97, 2374.72, 387.717, 6.23754, 2.0459E-43, 0, 0.0228229, -0.99974, 7200, 255, 1),
(4035004, 209694, 962, 4, 65535, 1081.56, 2364.18, 389.322, 4.70209, 2.0459E-43, 0, 0.710738, -0.703457, 7200, 255, 1),
(4035006, 209694, 962, 4, 65535, 1079.68, 2383.76, 389.525, 4.67853, 2.0459E-43, 0, 0.718976, -0.695035, 7200, 255, 1),
(4035008, 209694, 962, 4, 65535, 1103.89, 2362.68, 388.587, 3.10381, 2.0459E-43, 0, 0.999822, 0.018891, 7200, 255, 1),
(4035010, 209694, 962, 4, 65535, 1087.09, 2308.31, 378.986, 4.69031, 2.0459E-43, 0, 0.714871, -0.699257, 7200, 255, 1),
(4035012, 209694, 962, 4, 65535, 1084.96, 2290.6, 377.973, 4.761, 2.0459E-43, 0, 0.689713, -0.724082, 7200, 255, 1);

-- Implement NPC ID 61213
REPLACE INTO `creature_template` (`entry`, `difficulty_entry_1`, `difficulty_entry_2`, `difficulty_entry_3`, `KillCredit1`, `KillCredit2`, `modelid1`, `modelid2`, `modelid3`, `modelid4`, `name`, `subname`, `IconName`, `gossip_menu_id`, `minlevel`, `maxlevel`, `exp`, `faction_A`, `faction_H`, `npcflag`, `speed_walk`, `speed_run`, `scale`, `rank`, `mindmg`, `maxdmg`, `dmgschool`, `attackpower`, `dmg_multiplier`, `baseattacktime`, `rangeattacktime`, `unit_class`, `unit_flags`, `dynamicflags`, `family`, `trainer_type`, `trainer_spell`, `trainer_class`, `trainer_race`, `minrangedmg`, `maxrangedmg`, `rangedattackpower`, `type`, `type_flags`, `lootid`, `pickpocketloot`, `skinloot`, `resistance1`, `resistance2`, `resistance3`, `resistance4`, `resistance5`, `resistance6`, `spell1`, `spell2`, `spell3`, `spell4`, `spell5`, `spell6`, `spell7`, `spell8`, `PetSpellDataId`, `VehicleId`, `mingold`, `maxgold`, `AIName`, `MovementType`, `InhabitType`, `Health_mod`, `Mana_mod`, `Armor_mod`, `RacialLeader`, `questItem1`, `questItem2`, `questItem3`, `questItem4`, `questItem5`, `questItem6`, `movementId`, `RegenHealth`, `equipment_id`, `mechanic_immune_mask`, `flags_extra`, `ScriptName`, `WDBVerified`) VALUES (61213, 0, 0, 0, 0, 0, 43139, 0, 0, 0, 'Krik\'thik Conscript', '', '', 0, 92, 92, 4, 2102, 2102, 0, 1, 0.992063, 1, 1, 12684, 19052, 0, 55538, 3, 1500, 2000, 1, 32768, 0, 0, 0, 0, 0, 0, 0, 0, 0, 7, 2097224, 0, 0, 0, 0, 0, 0, 0, 0, 0, 0, 0, 0, 0, 0, 0, 0, 0, 0, 0, 0, 0, '', 0, 3, 12, 1, 1, 0, 0, 0, 0, 0, 0, 0, 0, 1, 0, 0, 0, '', 16769);
DELETE FROM `creature` WHERE `id`=61213;
INSERT INTO `creature` (`guid`,`id`,`map`,`spawnMask`,`phaseMask`,`modelid`,`equipment_id`,`position_x`,`position_y`,`position_z`,`orientation`,`spawntimesecs`,`spawndist`,`currentwaypoint`,`curhealth`,`curmana`,`MovementType`,`npcflag`,`unit_flags`,`dynamicflags`) VALUES
(16189361, 61213, 962, 4, 65535, 0, 0, 1025.66, 2360.95, 392.024, 3.17428, 7200, 0, 0, 5059104, 0, 0, 0, 0, 0),
(16189357, 61213, 962, 4, 65535, 0, 0, 1015.57, 2366.89, 391.918, 3.15072, 7200, 0, 0, 5059104, 0, 0, 0, 0, 0),
(16189359, 61213, 962, 4, 65535, 0, 0, 1025.28, 2372.46, 392.139, 3.17428, 7200, 0, 0, 5059104, 0, 0, 0, 0, 0);

-- Implement NPC ID 56636
REPLACE INTO `creature_template` (`entry`, `difficulty_entry_1`, `difficulty_entry_2`, `difficulty_entry_3`, `KillCredit1`, `KillCredit2`, `modelid1`, `modelid2`, `modelid3`, `modelid4`, `name`, `subname`, `IconName`, `gossip_menu_id`, `minlevel`, `maxlevel`, `exp`, `faction_A`, `faction_H`, `npcflag`, `speed_walk`, `speed_run`, `scale`, `rank`, `mindmg`, `maxdmg`, `dmgschool`, `attackpower`, `dmg_multiplier`, `baseattacktime`, `rangeattacktime`, `unit_class`, `unit_flags`, `dynamicflags`, `family`, `trainer_type`, `trainer_spell`, `trainer_class`, `trainer_race`, `minrangedmg`, `maxrangedmg`, `rangedattackpower`, `type`, `type_flags`, `lootid`, `pickpocketloot`, `skinloot`, `resistance1`, `resistance2`, `resistance3`, `resistance4`, `resistance5`, `resistance6`, `spell1`, `spell2`, `spell3`, `spell4`, `spell5`, `spell6`, `spell7`, `spell8`, `PetSpellDataId`, `VehicleId`, `mingold`, `maxgold`, `AIName`, `MovementType`, `InhabitType`, `Health_mod`, `Mana_mod`, `Armor_mod`, `RacialLeader`, `questItem1`, `questItem2`, `questItem3`, `questItem4`, `questItem5`, `questItem6`, `movementId`, `RegenHealth`, `equipment_id`, `mechanic_immune_mask`, `flags_extra`, `ScriptName`, `WDBVerified`) VALUES (56636, 0, 0, 0, 0, 0, 43286, 0, 0, 0, 'Commander Ri\'mok', '', '', 0, 92, 92, 4, 14, 14, 0, 1, 2, 1, 1, 12684, 19052, 0, 55538, 3, 2000, 2000, 8, 32832, 0, 0, 0, 0, 0, 0, 0, 0, 0, 7, 2097224, 56636, 0, 0, 0, 0, 0, 0, 0, 0, 0, 0, 0, 0, 0, 0, 0, 0, 0, 0, 993284, 993284, '', 0, 3, 20, 20, 1, 0, 0, 0, 0, 0, 0, 0, 180, 1, 0, 785367039, 1, 'boss_commander_rimok', 16769);
DELETE FROM `creature` WHERE `id`=56636;
INSERT INTO `creature` (`guid`,`id`,`map`,`spawnMask`,`phaseMask`,`modelid`,`equipment_id`,`position_x`,`position_y`,`position_z`,`orientation`,`spawntimesecs`,`spawndist`,`currentwaypoint`,`curhealth`,`curmana`,`MovementType`,`npcflag`,`unit_flags`,`dynamicflags`) VALUES
(16189363, 56636, 962, 4, 65535, 0, 0, 1276.13, 2304.52, 381.659, 3.14308, 604800, 0, 0, 6443120, 201040, 0, 0, 0, 0);
DELETE FROM `creature_loot_template` WHERE (`entry`=56636);
INSERT INTO `creature_loot_template` VALUES 
(56636, 71715, 100, 1, 0, 1, 1),
(56636, 81088, 0, 1, 1, 1, 1),
(56636, 81105, 0, 1, 1, 1, 1),
(56636, 81106, 0, 1, 1, 1, 1),
(56636, 81230, 0, 1, 1, 1, 1),
(56636, 81232, 0, 1, 1, 1, 1);

-- Implement NPC ID 56589
REPLACE INTO `creature_template` (`entry`, `difficulty_entry_1`, `difficulty_entry_2`, `difficulty_entry_3`, `KillCredit1`, `KillCredit2`, `modelid1`, `modelid2`, `modelid3`, `modelid4`, `name`, `subname`, `IconName`, `gossip_menu_id`, `minlevel`, `maxlevel`, `exp`, `faction_A`, `faction_H`, `npcflag`, `speed_walk`, `speed_run`, `scale`, `rank`, `mindmg`, `maxdmg`, `dmgschool`, `attackpower`, `dmg_multiplier`, `baseattacktime`, `rangeattacktime`, `unit_class`, `unit_flags`, `dynamicflags`, `family`, `trainer_type`, `trainer_spell`, `trainer_class`, `trainer_race`, `minrangedmg`, `maxrangedmg`, `rangedattackpower`, `type`, `type_flags`, `lootid`, `pickpocketloot`, `skinloot`, `resistance1`, `resistance2`, `resistance3`, `resistance4`, `resistance5`, `resistance6`, `spell1`, `spell2`, `spell3`, `spell4`, `spell5`, `spell6`, `spell7`, `spell8`, `PetSpellDataId`, `VehicleId`, `mingold`, `maxgold`, `AIName`, `MovementType`, `InhabitType`, `Health_mod`, `Mana_mod`, `Armor_mod`, `RacialLeader`, `questItem1`, `questItem2`, `questItem3`, `questItem4`, `questItem5`, `questItem6`, `movementId`, `RegenHealth`, `equipment_id`, `mechanic_immune_mask`, `flags_extra`, `ScriptName`, `WDBVerified`) VALUES (56589, 0, 0, 0, 0, 0, 43275, 0, 0, 0, 'Striker Ga\'dok', '', '', 0, 92, 92, 4, 14, 14, 0, 1, 2, 1, 1, 12684, 19052, 0, 55538, 3, 2000, 2000, 8, 32832, 0, 0, 0, 0, 0, 0, 0, 0, 0, 7, 2097224, 56589, 0, 0, 0, 0, 0, 0, 0, 0, 0, 0, 0, 0, 0, 0, 0, 0, 0, 0, 476449, 476449, '', 0, 4, 20, 1, 1, 0, 0, 0, 0, 0, 0, 0, 180, 1, 0, 785367039, 1, 'boss_striker_gadok', 16769);
DELETE FROM `creature` WHERE `id`=56589;
INSERT INTO `creature` (`guid`,`id`,`map`,`spawnMask`,`phaseMask`,`modelid`,`equipment_id`,`position_x`,`position_y`,`position_z`,`orientation`,`spawntimesecs`,`spawndist`,`currentwaypoint`,`curhealth`,`curmana`,`MovementType`,`npcflag`,`unit_flags`,`dynamicflags`) VALUES
(16189405, 56589, 962, 4, 65535, 0, 0, 1230.37, 2304.52, 430.879, 6.27649, 604800, 0, 0, 6443120, 10052, 0, 0, 0, 0);
DELETE FROM `creature_loot_template` WHERE (`entry`=56589);
INSERT INTO `creature_loot_template` VALUES 
(56589, 81085, 0, 1, 1, 1, 1),
(56589, 81098, 0, 1, 1, 1, 1),
(56589, 81111, 0, 1, 1, 1, 1),
(56589, 81192, 0, 1, 1, 1, 1),
(56589, 81229, 0, 1, 1, 1, 1);

-- Implement NPC ID 56929
REPLACE INTO `creature_template` (`entry`, `difficulty_entry_1`, `difficulty_entry_2`, `difficulty_entry_3`, `KillCredit1`, `KillCredit2`, `modelid1`, `modelid2`, `modelid3`, `modelid4`, `name`, `subname`, `IconName`, `gossip_menu_id`, `minlevel`, `maxlevel`, `exp`, `faction_A`, `faction_H`, `npcflag`, `speed_walk`, `speed_run`, `scale`, `rank`, `mindmg`, `maxdmg`, `dmgschool`, `attackpower`, `dmg_multiplier`, `baseattacktime`, `rangeattacktime`, `unit_class`, `unit_flags`, `dynamicflags`, `family`, `trainer_type`, `trainer_spell`, `trainer_class`, `trainer_race`, `minrangedmg`, `maxrangedmg`, `rangedattackpower`, `type`, `type_flags`, `lootid`, `pickpocketloot`, `skinloot`, `resistance1`, `resistance2`, `resistance3`, `resistance4`, `resistance5`, `resistance6`, `spell1`, `spell2`, `spell3`, `spell4`, `spell5`, `spell6`, `spell7`, `spell8`, `PetSpellDataId`, `VehicleId`, `mingold`, `maxgold`, `AIName`, `MovementType`, `InhabitType`, `Health_mod`, `Mana_mod`, `Armor_mod`, `RacialLeader`, `questItem1`, `questItem2`, `questItem3`, `questItem4`, `questItem5`, `questItem6`, `movementId`, `RegenHealth`, `equipment_id`, `mechanic_immune_mask`, `flags_extra`, `ScriptName`, `WDBVerified`) VALUES (56929, 0, 0, 0, 0, 0, 43282, 0, 0, 0, 'Krik\'thik Protectorate', '', '', 0, 90, 90, 4, 14, 14, 0, 1, 1.42857, 1, 1, 9838, 14331, 0, 42296, 3, 2000, 2000, 1, 32768, 0, 0, 0, 0, 0, 0, 0, 0, 0, 7, 72, 0, 0, 0, 0, 0, 0, 0, 0, 0, 0, 0, 0, 0, 0, 0, 0, 0, 0, 0, 0, 0, '', 0, 3, 0.5, 1, 1, 0, 0, 0, 0, 0, 0, 0, 144, 1, 0, 0, 0, 'npc_krikthik_protectorat', 16769);
DELETE FROM `creature` WHERE `id`=56929;
INSERT INTO `creature` (`guid`,`id`,`map`,`spawnMask`,`phaseMask`,`modelid`,`equipment_id`,`position_x`,`position_y`,`position_z`,`orientation`,`spawntimesecs`,`spawndist`,`currentwaypoint`,`curhealth`,`curmana`,`MovementType`,`npcflag`,`unit_flags`,`dynamicflags`) VALUES
(16190451, 56929, 962, 4, 65535, 0, 0, 955.83, 2261.06, 296.106, 4.70361, 7200, 0, 0, 196971, 0, 0, 0, 0, 0),
(16190435, 56929, 962, 4, 65535, 0, 0, 961.254, 2244.51, 296.106, 4.70204, 7200, 0, 0, 196971, 0, 0, 0, 0, 0),
(16190437, 56929, 962, 4, 65535, 0, 0, 961.222, 2241.48, 296.106, 4.70204, 7200, 0, 0, 196971, 0, 0, 0, 0, 0),
(16190439, 56929, 962, 4, 65535, 0, 0, 955.316, 2241.35, 296.106, 4.71775, 7200, 0, 0, 196971, 0, 0, 0, 0, 0),
(16190431, 56929, 962, 4, 65535, 0, 0, 958.475, 2244.54, 296.106, 4.70993, 7200, 0, 0, 196971, 0, 0, 0, 0, 0),
(16190433, 56929, 962, 4, 65535, 0, 0, 955.654, 2244.57, 296.106, 4.70204, 7200, 0, 0, 196971, 0, 0, 0, 0, 0),
(16190459, 56929, 962, 4, 65535, 0, 0, 962.579, 2261.18, 296.106, 4.70754, 7200, 0, 0, 196971, 0, 0, 0, 0, 0),
(16190457, 56929, 962, 4, 65535, 0, 0, 951.61, 2261.23, 296.106, 4.70754, 7200, 0, 0, 196971, 0, 0, 0, 0, 0),
(16190455, 56929, 962, 4, 65535, 0, 0, 953.738, 2261.22, 296.106, 4.70754, 7200, 0, 0, 196971, 0, 0, 0, 0, 0),
(16190453, 56929, 962, 4, 65535, 0, 0, 960.667, 2261.03, 296.106, 4.6502, 7200, 0, 0, 196971, 0, 0, 0, 0, 0),
(16190461, 56929, 962, 4, 65535, 0, 0, 964.476, 2261.17, 296.106, 4.70754, 7200, 0, 0, 196971, 0, 0, 0, 0, 0);

-- Implement NPC ID 56930
REPLACE INTO `creature_template` (`entry`, `difficulty_entry_1`, `difficulty_entry_2`, `difficulty_entry_3`, `KillCredit1`, `KillCredit2`, `modelid1`, `modelid2`, `modelid3`, `modelid4`, `name`, `subname`, `IconName`, `gossip_menu_id`, `minlevel`, `maxlevel`, `exp`, `faction_A`, `faction_H`, `npcflag`, `speed_walk`, `speed_run`, `scale`, `rank`, `mindmg`, `maxdmg`, `dmgschool`, `attackpower`, `dmg_multiplier`, `baseattacktime`, `rangeattacktime`, `unit_class`, `unit_flags`, `dynamicflags`, `family`, `trainer_type`, `trainer_spell`, `trainer_class`, `trainer_race`, `minrangedmg`, `maxrangedmg`, `rangedattackpower`, `type`, `type_flags`, `lootid`, `pickpocketloot`, `skinloot`, `resistance1`, `resistance2`, `resistance3`, `resistance4`, `resistance5`, `resistance6`, `spell1`, `spell2`, `spell3`, `spell4`, `spell5`, `spell6`, `spell7`, `spell8`, `PetSpellDataId`, `VehicleId`, `mingold`, `maxgold`, `AIName`, `MovementType`, `InhabitType`, `Health_mod`, `Mana_mod`, `Armor_mod`, `RacialLeader`, `questItem1`, `questItem2`, `questItem3`, `questItem4`, `questItem5`, `questItem6`, `movementId`, `RegenHealth`, `equipment_id`, `mechanic_immune_mask`, `flags_extra`, `ScriptName`, `WDBVerified`) VALUES (56930, 0, 0, 0, 0, 0, 43276, 0, 0, 0, 'Krik\'thik Swarm Bringer', '', '', 0, 90, 90, 4, 14, 14, 0, 1, 1.42857, 1, 1, 9838, 14331, 0, 42296, 3, 2000, 2000, 1, 32768, 0, 0, 0, 0, 0, 0, 0, 0, 0, 7, 72, 0, 0, 0, 0, 0, 0, 0, 0, 0, 0, 0, 0, 0, 0, 0, 0, 0, 0, 0, 0, 0, '', 0, 3, 3, 1, 1, 0, 0, 0, 0, 0, 0, 0, 144, 1, 0, 0, 0, 'npc_krikthik_swarm_bringer', 16769);
DELETE FROM `creature` WHERE `id`=56930;
INSERT INTO `creature` (`guid`,`id`,`map`,`spawnMask`,`phaseMask`,`modelid`,`equipment_id`,`position_x`,`position_y`,`position_z`,`orientation`,`spawntimesecs`,`spawndist`,`currentwaypoint`,`curhealth`,`curmana`,`MovementType`,`npcflag`,`unit_flags`,`dynamicflags`) VALUES
(16190429, 56930, 962, 4, 65535, 0, 0, 958.323, 2241.76, 296.106, 4.71385, 7200, 0, 0, 1181823, 0, 0, 0, 0, 0),
(16190441, 56930, 962, 4, 65535, 0, 0, 963.977, 2258.29, 296.106, 4.69026, 7200, 0, 0, 1181823, 0, 0, 0, 0, 0),
(16190443, 56930, 962, 4, 65535, 0, 0, 952.599, 2258.47, 296.106, 4.6879, 7200, 0, 0, 1181823, 0, 0, 0, 0, 0);

-- Implement NPC ID 56912
REPLACE INTO `creature_template` (`entry`, `difficulty_entry_1`, `difficulty_entry_2`, `difficulty_entry_3`, `KillCredit1`, `KillCredit2`, `modelid1`, `modelid2`, `modelid3`, `modelid4`, `name`, `subname`, `IconName`, `gossip_menu_id`, `minlevel`, `maxlevel`, `exp`, `faction_A`, `faction_H`, `npcflag`, `speed_walk`, `speed_run`, `scale`, `rank`, `mindmg`, `maxdmg`, `dmgschool`, `attackpower`, `dmg_multiplier`, `baseattacktime`, `rangeattacktime`, `unit_class`, `unit_flags`, `dynamicflags`, `family`, `trainer_type`, `trainer_spell`, `trainer_class`, `trainer_race`, `minrangedmg`, `maxrangedmg`, `rangedattackpower`, `type`, `type_flags`, `lootid`, `pickpocketloot`, `skinloot`, `resistance1`, `resistance2`, `resistance3`, `resistance4`, `resistance5`, `resistance6`, `spell1`, `spell2`, `spell3`, `spell4`, `spell5`, `spell6`, `spell7`, `spell8`, `PetSpellDataId`, `VehicleId`, `mingold`, `maxgold`, `AIName`, `MovementType`, `InhabitType`, `Health_mod`, `Mana_mod`, `Armor_mod`, `RacialLeader`, `questItem1`, `questItem2`, `questItem3`, `questItem4`, `questItem5`, `questItem6`, `movementId`, `RegenHealth`, `equipment_id`, `mechanic_immune_mask`, `flags_extra`, `ScriptName`, `WDBVerified`) VALUES (56912, 0, 0, 0, 0, 0, 44190, 0, 0, 0, 'Krik\'thik Engulfer', '', '', 0, 90, 90, 4, 14, 14, 0, 2, 0.714286, 1, 0, 9838, 14331, 0, 42296, 1, 2000, 2000, 1, 32768, 0, 0, 0, 0, 0, 0, 0, 0, 0, 7, 72, 0, 0, 0, 0, 0, 0, 0, 0, 0, 0, 0, 0, 0, 0, 0, 0, 0, 0, 0, 0, 0, '', 0, 4, 0.25, 1, 1, 0, 0, 0, 0, 0, 0, 0, 94, 1, 0, 0, 0, 'npc_krikthik_engulfer', 16769);
DELETE FROM `creature` WHERE `id`=56912;
INSERT INTO `creature` (`guid`,`id`,`map`,`spawnMask`,`phaseMask`,`modelid`,`equipment_id`,`position_x`,`position_y`,`position_z`,`orientation`,`spawntimesecs`,`spawndist`,`currentwaypoint`,`curhealth`,`curmana`,`MovementType`,`npcflag`,`unit_flags`,`dynamicflags`) VALUES
(16190449, 56912, 962, 4, 65535, 0, 0, 958.28, 2261.04, 296.106, 4.70361, 7200, 0, 0, 98485, 0, 0, 0, 0, 0),
(16190447, 56912, 962, 4, 65535, 0, 0, 956.574, 2258.37, 296.106, 4.72325, 7200, 0, 0, 98485, 0, 0, 0, 0, 0),
(16190445, 56912, 962, 4, 65535, 0, 0, 960.235, 2258.41, 296.106, 4.72325, 7200, 0, 0, 98485, 0, 0, 0, 0, 0);

-- Implement NPC ID 56877
REPLACE INTO `creature_template` (`entry`, `difficulty_entry_1`, `difficulty_entry_2`, `difficulty_entry_3`, `KillCredit1`, `KillCredit2`, `modelid1`, `modelid2`, `modelid3`, `modelid4`, `name`, `subname`, `IconName`, `gossip_menu_id`, `minlevel`, `maxlevel`, `exp`, `faction_A`, `faction_H`, `npcflag`, `speed_walk`, `speed_run`, `scale`, `rank`, `mindmg`, `maxdmg`, `dmgschool`, `attackpower`, `dmg_multiplier`, `baseattacktime`, `rangeattacktime`, `unit_class`, `unit_flags`, `dynamicflags`, `family`, `trainer_type`, `trainer_spell`, `trainer_class`, `trainer_race`, `minrangedmg`, `maxrangedmg`, `rangedattackpower`, `type`, `type_flags`, `lootid`, `pickpocketloot`, `skinloot`, `resistance1`, `resistance2`, `resistance3`, `resistance4`, `resistance5`, `resistance6`, `spell1`, `spell2`, `spell3`, `spell4`, `spell5`, `spell6`, `spell7`, `spell8`, `PetSpellDataId`, `VehicleId`, `mingold`, `maxgold`, `AIName`, `MovementType`, `InhabitType`, `Health_mod`, `Mana_mod`, `Armor_mod`, `RacialLeader`, `questItem1`, `questItem2`, `questItem3`, `questItem4`, `questItem5`, `questItem6`, `movementId`, `RegenHealth`, `equipment_id`, `mechanic_immune_mask`, `flags_extra`, `ScriptName`, `WDBVerified`) VALUES (56877, 0, 0, 0, 0, 0, 39519, 0, 0, 0, 'Raigonn', '', '', 0, 92, 92, 4, 1771, 1771, 0, 1, 1.71429, 1, 1, 12684, 19052, 0, 55538, 3, 1500, 2000, 1, 32768, 0, 0, 0, 0, 0, 0, 0, 0, 0, 7, 2147483720, 56877, 0, 0, 0, 0, 0, 0, 0, 0, 0, 0, 0, 0, 0, 0, 0, 0, 0, 0, 484640, 484640, '', 0, 3, 50, 1, 1, 0, 0, 0, 0, 0, 0, 0, 164, 1, 0, 785367039, 1, 'boss_raigonn', 16769);
DELETE FROM `creature` WHERE `id`=56877;
INSERT INTO `creature` (`guid`,`id`,`map`,`spawnMask`,`phaseMask`,`modelid`,`equipment_id`,`position_x`,`position_y`,`position_z`,`orientation`,`spawntimesecs`,`spawndist`,`currentwaypoint`,`curhealth`,`curmana`,`MovementType`,`npcflag`,`unit_flags`,`dynamicflags`) VALUES
(16190463, 56877, 962, 4, 65535, 0, 0, 958.303, 2330.68, 296.104, 4.71147, 604800, 0, 0, 21079600, 0, 0, 0, 0, 0);
DELETE FROM `creature_loot_template` WHERE (`entry`=56877);
INSERT INTO `creature_loot_template` VALUES 
(56877, 81091, 0, 1, 1, 1, 1),
(56877, 81094, 0, 1, 0, 1, 1),
(56877, 81097, 0, 1, 0, 1, 1),
(56877, 81100, 0, 1, 0, 1, 1),
(56877, 81109, 0, 1, 1, 1, 1),
(56877, 81112, 0, 1, 1, 1, 1),
(56877, 81233, 0, 1, 0, 1, 1),
(56877, 81234, 0, 1, 0, 1, 1),
(56877, 81235, 0, 1, 1, 1, 1),
(56877, 81236, 0, 1, 1, 1, 1),
(56877, 87546, 0, 1, 1, 1, 1);

-- Implement NPC & Teleport Scripts ID 
REPLACE INTO `creature_template` (`entry`, `difficulty_entry_1`, `difficulty_entry_2`, `difficulty_entry_3`, `KillCredit1`, `KillCredit2`, `modelid1`, `modelid2`, `modelid3`, `modelid4`, `name`, `subname`, `IconName`, `gossip_menu_id`, `minlevel`, `maxlevel`, `exp`, `faction_A`, `faction_H`, `npcflag`, `speed_walk`, `speed_run`, `scale`, `rank`, `mindmg`, `maxdmg`, `dmgschool`, `attackpower`, `dmg_multiplier`, `baseattacktime`, `rangeattacktime`, `unit_class`, `unit_flags`, `dynamicflags`, `family`, `trainer_type`, `trainer_spell`, `trainer_class`, `trainer_race`, `minrangedmg`, `maxrangedmg`, `rangedattackpower`, `type`, `type_flags`, `lootid`, `pickpocketloot`, `skinloot`, `resistance1`, `resistance2`, `resistance3`, `resistance4`, `resistance5`, `resistance6`, `spell1`, `spell2`, `spell3`, `spell4`, `spell5`, `spell6`, `spell7`, `spell8`, `PetSpellDataId`, `VehicleId`, `mingold`, `maxgold`, `AIName`, `MovementType`, `InhabitType`, `Health_mod`, `Mana_mod`, `Armor_mod`, `RacialLeader`, `questItem1`, `questItem2`, `questItem3`, `questItem4`, `questItem5`, `questItem6`, `movementId`, `RegenHealth`, `equipment_id`, `mechanic_immune_mask`, `flags_extra`, `ScriptName`, `WDBVerified`) VALUES (100004, 0, 0, 0, 0, 0, 25010, 0, 0, 0, 'Teleporter Striker Ga\'dok', '', '', 1, 78, 78, 2, 35, 35, 1, 1, 1, 1, 0, 387, 543, 0, 528, 1, 2000, 0, 1, 393222, 0, 0, 0, 0, 0, 0, 0, 0, 0, 7, 0, 0, 0, 0, 0, 0, 0, 0, 0, 0, 0, 0, 0, 0, 0, 0, 0, 0, 0, 0, 0, 0, 'SmartAI', 0, 7, 1, 1, 1, 0, 0, 0, 0, 0, 0, 0, 0, 1, 0, 0, 0, '', 12340);
DELETE FROM `creature` WHERE `id`=100004;
INSERT INTO `creature` (`guid`,`id`,`map`,`spawnMask`,`phaseMask`,`modelid`,`equipment_id`,`position_x`,`position_y`,`position_z`,`orientation`,`spawntimesecs`,`spawndist`,`currentwaypoint`,`curhealth`,`curmana`,`MovementType`,`npcflag`,`unit_flags`,`dynamicflags`) VALUES
(16189907, 100004, 962, 4, 65535, 0, 0, 1195.26, 2304.49, 388.254, 3.14667, 7200, 0, 0, 11770, 0, 0, 0, 0, 0);
REPLACE INTO `creature_template` (`entry`, `difficulty_entry_1`, `difficulty_entry_2`, `difficulty_entry_3`, `KillCredit1`, `KillCredit2`, `modelid1`, `modelid2`, `modelid3`, `modelid4`, `name`, `subname`, `IconName`, `gossip_menu_id`, `minlevel`, `maxlevel`, `exp`, `faction_A`, `faction_H`, `npcflag`, `speed_walk`, `speed_run`, `scale`, `rank`, `mindmg`, `maxdmg`, `dmgschool`, `attackpower`, `dmg_multiplier`, `baseattacktime`, `rangeattacktime`, `unit_class`, `unit_flags`, `dynamicflags`, `family`, `trainer_type`, `trainer_spell`, `trainer_class`, `trainer_race`, `minrangedmg`, `maxrangedmg`, `rangedattackpower`, `type`, `type_flags`, `lootid`, `pickpocketloot`, `skinloot`, `resistance1`, `resistance2`, `resistance3`, `resistance4`, `resistance5`, `resistance6`, `spell1`, `spell2`, `spell3`, `spell4`, `spell5`, `spell6`, `spell7`, `spell8`, `PetSpellDataId`, `VehicleId`, `mingold`, `maxgold`, `AIName`, `MovementType`, `InhabitType`, `Health_mod`, `Mana_mod`, `Armor_mod`, `RacialLeader`, `questItem1`, `questItem2`, `questItem3`, `questItem4`, `questItem5`, `questItem6`, `movementId`, `RegenHealth`, `equipment_id`, `mechanic_immune_mask`, `flags_extra`, `ScriptName`, `WDBVerified`) VALUES (100005, 0, 0, 0, 0, 0, 25010, 0, 0, 0, 'Back Teleporter Striker Ga\'dok', '', '', 1, 78, 78, 2, 35, 35, 1, 1, 1, 1, 0, 387, 543, 0, 528, 1, 2000, 0, 1, 393222, 0, 0, 0, 0, 0, 0, 0, 0, 0, 7, 0, 0, 0, 0, 0, 0, 0, 0, 0, 0, 0, 0, 0, 0, 0, 0, 0, 0, 0, 0, 0, 0, 'SmartAI', 0, 7, 1, 1, 1, 0, 0, 0, 0, 0, 0, 0, 0, 1, 0, 0, 0, '', 12340);
DELETE FROM `creature` WHERE `id`=100005;
INSERT INTO `creature` (`guid`,`id`,`map`,`spawnMask`,`phaseMask`,`modelid`,`equipment_id`,`position_x`,`position_y`,`position_z`,`orientation`,`spawntimesecs`,`spawndist`,`currentwaypoint`,`curhealth`,`curmana`,`MovementType`,`npcflag`,`unit_flags`,`dynamicflags`) VALUES
(16189911, 100005, 962, 4, 65535, 0, 0, 1186.38, 2304.49, 430.863, 3.15485, 7200, 0, 0, 11770, 0, 0, 0, 0, 0);
REPLACE INTO `creature_template` (`entry`, `difficulty_entry_1`, `difficulty_entry_2`, `difficulty_entry_3`, `KillCredit1`, `KillCredit2`, `modelid1`, `modelid2`, `modelid3`, `modelid4`, `name`, `subname`, `IconName`, `gossip_menu_id`, `minlevel`, `maxlevel`, `exp`, `faction_A`, `faction_H`, `npcflag`, `speed_walk`, `speed_run`, `scale`, `rank`, `mindmg`, `maxdmg`, `dmgschool`, `attackpower`, `dmg_multiplier`, `baseattacktime`, `rangeattacktime`, `unit_class`, `unit_flags`, `dynamicflags`, `family`, `trainer_type`, `trainer_spell`, `trainer_class`, `trainer_race`, `minrangedmg`, `maxrangedmg`, `rangedattackpower`, `type`, `type_flags`, `lootid`, `pickpocketloot`, `skinloot`, `resistance1`, `resistance2`, `resistance3`, `resistance4`, `resistance5`, `resistance6`, `spell1`, `spell2`, `spell3`, `spell4`, `spell5`, `spell6`, `spell7`, `spell8`, `PetSpellDataId`, `VehicleId`, `mingold`, `maxgold`, `AIName`, `MovementType`, `InhabitType`, `Health_mod`, `Mana_mod`, `Armor_mod`, `RacialLeader`, `questItem1`, `questItem2`, `questItem3`, `questItem4`, `questItem5`, `questItem6`, `movementId`, `RegenHealth`, `equipment_id`, `mechanic_immune_mask`, `flags_extra`, `ScriptName`, `WDBVerified`) VALUES (100006, 0, 0, 0, 0, 0, 25010, 0, 0, 0, 'Teleporter Raigonn', '', '', 1, 78, 78, 2, 35, 35, 1, 1, 1, 1, 0, 387, 543, 0, 528, 1, 2000, 0, 1, 393222, 0, 0, 0, 0, 0, 0, 0, 0, 0, 7, 0, 0, 0, 0, 0, 0, 0, 0, 0, 0, 0, 0, 0, 0, 0, 0, 0, 0, 0, 0, 0, 0, 'SmartAI', 0, 7, 1, 1, 1, 0, 0, 0, 0, 0, 0, 0, 0, 1, 0, 0, 0, '', 12340);
DELETE FROM `creature` WHERE `id`=100006;
INSERT INTO `creature` (`guid`,`id`,`map`,`spawnMask`,`phaseMask`,`modelid`,`equipment_id`,`position_x`,`position_y`,`position_z`,`orientation`,`spawntimesecs`,`spawndist`,`currentwaypoint`,`curhealth`,`curmana`,`MovementType`,`npcflag`,`unit_flags`,`dynamicflags`) VALUES
(16190417, 100006, 962, 4, 65535, 0, 0, 1195.18, 2279.48, 388.043, 1.57226, 7200, 0, 0, 11770, 0, 0, 0, 0, 0);
REPLACE INTO `creature_template` (`entry`, `difficulty_entry_1`, `difficulty_entry_2`, `difficulty_entry_3`, `KillCredit1`, `KillCredit2`, `modelid1`, `modelid2`, `modelid3`, `modelid4`, `name`, `subname`, `IconName`, `gossip_menu_id`, `minlevel`, `maxlevel`, `exp`, `faction_A`, `faction_H`, `npcflag`, `speed_walk`, `speed_run`, `scale`, `rank`, `mindmg`, `maxdmg`, `dmgschool`, `attackpower`, `dmg_multiplier`, `baseattacktime`, `rangeattacktime`, `unit_class`, `unit_flags`, `dynamicflags`, `family`, `trainer_type`, `trainer_spell`, `trainer_class`, `trainer_race`, `minrangedmg`, `maxrangedmg`, `rangedattackpower`, `type`, `type_flags`, `lootid`, `pickpocketloot`, `skinloot`, `resistance1`, `resistance2`, `resistance3`, `resistance4`, `resistance5`, `resistance6`, `spell1`, `spell2`, `spell3`, `spell4`, `spell5`, `spell6`, `spell7`, `spell8`, `PetSpellDataId`, `VehicleId`, `mingold`, `maxgold`, `AIName`, `MovementType`, `InhabitType`, `Health_mod`, `Mana_mod`, `Armor_mod`, `RacialLeader`, `questItem1`, `questItem2`, `questItem3`, `questItem4`, `questItem5`, `questItem6`, `movementId`, `RegenHealth`, `equipment_id`, `mechanic_immune_mask`, `flags_extra`, `ScriptName`, `WDBVerified`) VALUES (100007, 0, 0, 0, 0, 0, 25010, 0, 0, 0, 'Back Teleporter Raigonn', '', '', 1, 78, 78, 2, 35, 35, 1, 1, 1, 1, 0, 387, 543, 0, 528, 1, 2000, 0, 1, 393222, 0, 0, 0, 0, 0, 0, 0, 0, 0, 7, 0, 0, 0, 0, 0, 0, 0, 0, 0, 0, 0, 0, 0, 0, 0, 0, 0, 0, 0, 0, 0, 0, 'SmartAI', 0, 7, 1, 1, 1, 0, 0, 0, 0, 0, 0, 0, 0, 1, 0, 0, 0, '', 12340);
DELETE FROM `creature` WHERE `id`=100007;
INSERT INTO `creature` (`guid`,`id`,`map`,`spawnMask`,`phaseMask`,`modelid`,`equipment_id`,`position_x`,`position_y`,`position_z`,`orientation`,`spawntimesecs`,`spawndist`,`currentwaypoint`,`curhealth`,`curmana`,`MovementType`,`npcflag`,`unit_flags`,`dynamicflags`) VALUES
(16190419, 100007, 962, 4, 65535, 0, 0, 958.271, 2186.18, 296.106, 4.72171, 7200, 0, 0, 11770, 0, 0, 0, 0, 0);
DELETE FROM `smart_scripts` WHERE (`entryorguid`='100004');
DELETE FROM `smart_scripts` WHERE (`entryorguid`='100005')
DELETE FROM `smart_scripts` WHERE (`entryorguid`='100006')
DELETE FROM `smart_scripts` WHERE (`entryorguid`='100007')
INSERT INTO `smart_scripts` VALUES ('100004', '0', '0', '0', '64', '0', '100', '0', '0', '0', '0', '0', '62', '962', '0', '0', '0', '0', '0', '7', '0', '0', '0', '1167.23', '2304.55', '430.873', '0.00148', 'Support Teleport Striker Ga\'dok');
INSERT INTO `smart_scripts` VALUES ('100005', '0', '0', '0', '64', '0', '100', '0', '0', '0', '0', '0', '62', '962', '0', '0', '0', '0', '0', '7', '0', '0', '0', '1213.42', '2304.55', '388.032', '3.13914', 'Support Back Teleport Striker Ga\'dok');
INSERT INTO `smart_scripts` VALUES ('100006', '0', '0', '0', '64', '0', '100', '0', '0', '0', '0', '0', '62', '962', '0', '0', '0', '0', '0', '7', '0', '0', '0', '958.477', '2174.9', '296.106', '1.56833', 'Support Teleport Raigonn');
INSERT INTO `smart_scripts` VALUES ('100007', '0', '0', '0', '64', '0', '100', '0', '0', '0', '0', '0', '62', '962', '0', '0', '0', '0', '0', '7', '0', '0', '0', '1195.04', '2286.92', '388.065', '4.71385', 'Back Support Teleport Raigonn');

-- Work In Progress